{
    "mse": 0.0006310001518450621,
    "rmse": 0.025119716396588998,
    "mae": 0.008794693646513654,
    "r2": 0.8471260906584497
}